{
  "ID": 4,
  "Borne": {
    "x": -3136.229,
    "y": 1125.54,
    "z": 20.31685
  },
  "Spawn1": {
    "position": {
      "x": -3137.954,
      "y": 1098.931,
      "z": 20.28193
    },
    "rotation": {
      "x": -0.2011695,
      "y": -0.955457,
      "z": 78.26096
    }
  }, 
  "Spawn2": {
    "position": {
      "x": -3139.107,
      "y": 1090.925,
      "z": 20.14822
    },
    "rotation": {
      "x": 0.2733317,
      "y": -0.4232943,
      "z": 80.80157
    }
  }
}