{
  "ID": 14,
  "Borne": {
    "x": -618.7462,
    "y": 346.5483,
    "z": 84.61291
  },
  "Spawn1": {
    "position": {
      "x": -598.2381,
      "y": 344.0077,
      "z": 84.73923
    },
    "rotation": {
      "x": -0.1311422,
      "y": -0.03248308,
      "z": 172.484
    }
  }, 
  "Spawn2": {
    "position": {
      "x": -605.6611,
      "y": 330.2186,
      "z": 84.6166
    },
    "rotation": {
      "x": 0.0990133,
      "y": 0.08879551,
      "z": 354.1982
    }
  }
}