{
  "ID": 11,
  "Borne": {
    "x": -1630.76,
    "y": -963.2205,
    "z": 7.409985
  },
  "Spawn1": {
    "position": {
      "x": -1630.387,
      "y": -946.678,
      "z": 7.752781
    },
    "rotation": {
      "x": -1.176806,
      "y": 1.010788,
      "z": 139.408
    }
  }, 
  "Spawn2": {
    "position": {
      "x": -1612.973,
      "y": -935.4166,
      "z": 8.120644
    },
    "rotation": {
      "x": -0.7491596,
      "y": 0.739233,
      "z": 139.6169
    }
  }
}