{
  "ID": 22,
  "Borne": {
    "x": 34.96909,
    "y": -1623.257,
    "z": 28.91222
  },
  "Spawn1": {
    "position": {
      "x": 46.07806,
      "y": -1610.325,
      "z": 29.0111
    },
    "rotation": {
      "x": -0.3663146,
      "y": 0.3339971,
      "z": 140.9664
    }
  }, 
  "Spawn2": {
    "position": {
      "x": 50.92347,
      "y": -1614.408,
      "z": 29.03021
    },
    "rotation": {
      "x": -0.3721569,
      "y": 0.6950635,
      "z": 138.8894
    }
  }
}