{
  "ID": 10,
  "Borne": {
    "x": -1189.288,
    "y": -1508.567,
    "z": 3.875042
  },
  "Spawn1": {
    "position": {
      "x": -1185.333,
      "y": -1493.366,
      "z": 4.001895
    },
    "rotation": {
      "x": -0.09568363,
      "y": 0.07793031,
      "z": 124.223
    }
  }, 
  "Spawn2": {
    "position": {
      "x": -1185.065,
      "y": -1479.613,
      "z": 3.87568
    },
    "rotation": {
      "x": 0.1096406,
      "y": -0.1054475,
      "z": 307.242
    }
  }
}