{
  "ID": 21,
  "Borne": {
    "x": -173.3166,
    "y": -1990.945,
    "z": 27.24273
  },
  "Spawn1": {
    "position": {
      "x": -193.8461,
      "y": -1979.113,
      "z": 27.2427
    },
    "rotation": {
      "x": -0.04142225,
      "y": 0.1332736,
      "z": 95.27478
    }
  }, 
  "Spawn2": {
    "position": {
      "x": -194.9817,
      "y": -1971.302,
      "z": 27.24283
    },
    "rotation": {
      "x": -0.07196408,
      "y": 1394224,
      "z": 99.26645
    }
  }
}