{
  "ID": 0,
  "Borne": {
    "x": 256.4384,
    "y": -780.671,
    "z": 30.18731
  },
  "Spawn1": {
    "position": {
      "x": 242.7891,
      "y": -777.3646,
      "z": 30.2775
    },
    "rotation": {
      "x": -0.7867854,
      "y": -0.1049493,
      "z": 67.95456
    }
  }, 
  "Spawn2": {
    "position": {
      "x": 239.7941,
      "y": -784.7429,
      "z": 30.21268
    },
    "rotation": {
      "x": -0.6136276,
      "y":  -0.5599698,
      "z": 67.22925
    }
  }
}