{
  "ID": 18,
  "Borne": {
    "x": 1130.97,
    "y": -487.2321,
    "z": 65.13467
  },
  "Spawn1": {
    "position": {
      "x": 1155.064,
      "y": -489.7152,
      "z": 65.04796
    },
    "rotation": {
      "x": -3.019116,
      "y": 0.1723082,
      "z": 8.286499
    }
  }, 
  "Spawn2": {
    "position": {
      "x": 1148.362,
      "y": -490.8451,
      "z": 65.1254
    },
    "rotation": {
      "x": -1.150802,
      "y": 0.7122957,
      "z": 6.897705
    }
  }
}