{
  "ID": 9,
  "Borne": {
    "x": -444.5786,
    "y": -806.6385,
    "z": 30.16083
  },
  "Spawn1": {
    "position": {
      "x": -466.8219,
      "y": -806.5512,
      "z": 30.03438
    },
    "rotation": {
      "x": 0.05595012,
      "y": 0.1057526,
      "z": 88.49155
    }
  }, 
  "Spawn2": {
    "position": {
      "x": -460.6743,
      "y": -797.5143,
      "z": 30.04198
    },
    "rotation": {
      "x": -0.03123612,
      "y": -0.1752065,
      "z": 271.4019
    }
  }
}