{
  "ID": 3,
  "Borne": {
    "x": -3051.103,
    "y": 592.548,
    "z": 7.560257
  },
  "Spawn1": {
    "position": {
      "x": -3050.953,
      "y": 600.5304,
      "z": 6.8319
    },
    "rotation": {
      "x": 1.483044,
      "y": -0.6069802,
      "z": 289.0154
    }
  }, 
  "Spawn2": {
    "position": {
      "x": -3053.112,
      "y": 609.115,
      "z": 6.693126
    },
    "rotation": {
      "x": 0.2692399,
      "y": -0.4392233,
      "z": 283.7519
    }
  }
}