{
  "ID": 19,
  "Borne": {
    "x": 781.3705,
    "y": -2984.685,
    "z": 5.423454
  },
  "Spawn1": {
    "position": {
      "x": 769.3872,
      "y": -2975.148,
      "z": 5.422808
    },
    "rotation": {
      "x": -0.1045474,
      "y": 0.1504065,
      "z": 115.05
    }
  }, 
  "Spawn2": {
    "position": {
      "x": 769.3442,
      "y": -2967.238,
      "z": 5.423214
    },
    "rotation": {
      "x": -0.1123921,
      "y": 0.132431,
      "z": 113.8264
    }
  }
}