{
  "ID": 12,
  "Borne": {
    "x": -2010.632,
    "y": -329.7475,
    "z": 47.72847
  },
  "Spawn1": {
    "position": {
      "x": -2001.672,
      "y": -335.9022,
      "z": 47.72849
    },
    "rotation": {
      "x": -0.04274799,
      "y": 0.03727558,
      "z": 56.94287
    }
  }, 
  "Spawn2": {
    "position": {
      "x": -2008.203,
      "y": -344.8695,
      "z": 47.72889
    },
    "rotation": {
      "x": 0.02500408,
      "y": 0.1493311,
      "z": 56.77563
    }
  }
}