{
  "ID": 16,
  "Borne": {
    "x": 597.4172,
    "y": 85.21067,
    "z": 92.28375
  },
  "Spawn1": {
    "position": {
      "x": 617.407,
      "y": 100.687,
      "z": 92.18158
    },
    "rotation": {
      "x": -0.8935909,
      "y": -3.003052,
      "z": 250.1997
    }
  }, 
  "Spawn2": {
    "position": {
      "x": 603.1254,
      "y": 114.3942,
      "z": 92.39716
    },
    "rotation": {
      "x": -0.02925509,
      "y": -0.3339586,
      "z": 248.2059
    }
  }
}