{
  "ID": 6,
  "Borne": {
    "x": 276.5408,
    "y": -323.6249,
    "z": 44.41619
  },
  "Spawn1": {
    "position": {
      "x": 297.9857,
      "y": -332.9655,
      "z": 44.54184
    },
    "rotation": {
      "x": -0.001678599,
      "y": 0.1143022,
      "z": 71.07132
    }
  }, 
  "Spawn2": {
    "position": {
      "x": 284.6329,
      "y": -339.2961,
      "z": 44.41487
    },
    "rotation": {
      "x": -0.01449924,
      "y": -0.1489164,
      "z": 247.817
    }
  }
}