{
  "ID": 13,
  "Borne": {
    "x": -2341.456,
    "y": 269.2753,
    "z": 169.0894
  },
  "Spawn1": {
    "position": {
      "x": -2316.613,
      "y": 293.3808,
      "z": 168.9633
    },
    "rotation": {
      "x": -0.07758168,
      "y": 0.120994,
      "z": 112.6178
    }
  }, 
  "Spawn2": {
    "position": {
      "x": -2330.024,
      "y": 297.5936,
      "z":  169.0891
    },
    "rotation": {
      "x": 0.06382206,
      "y": -0.05123474,
      "z": 294.9878
    }
  }
}