{
  "ID": 17,
  "Borne": {
    "x": 838.1674,
    "y": -51.18879,
    "z": 78.26032
  },
  "Spawn1": {
    "position": {
      "x": 844.5012,
      "y": -36.92714,
      "z": 78.38658
    },
    "rotation": {
      "x": 0.07678293,
      "y": 0.07105838,
      "z": 59.38455
    }
  }, 
  "Spawn2": {
    "position": {
      "x": 861.546,
      "y": -68.37714,
      "z": 78.26041
    },
    "rotation": {
      "x": 0.1314684,
      "y": -0.04626412,
      "z": 329.3226
    }
  }
}