{
  "ID": 15,
  "Borne": {
    "x": 586.7596,
    "y": 607.3823,
    "z": 128.4072
  },
  "Spawn1": {
    "position": {
      "x": 615.7645,
      "y": 614.4808,
      "z": 128.5333
    },
    "rotation": {
      "x": 0.00651476,
      "y": -0.1356487,
      "z": 251.3563
    }
  }, 
  "Spawn2": {
    "position": {
      "x": 636.0333,
      "y": 629.495,
      "z": 128.4065
    },
    "rotation": {
      "x": 0.01281301,
      "y": 0.1240026,
      "z": 73.20535
    }
  }
}