{
  "ID": 5,
  "Borne": {
    "x": 77.44151,
    "y": 21.36743,
    "z": 68.61053
  },
  "Spawn1": {
    "position": {
      "x": 54.80773,
      "y": 20.50741,
      "z": 69.12322
    },
    "rotation": {
      "x": -6.01808,
      "y": -2.820377,
      "z": 338.430
    }
  }, 
  "Spawn2": {
    "position": {
      "x": 61.06503,
      "y": 18.3054,
      "z": 68.75699
    },
    "rotation": {
      "x": -4.243321,
      "y": 1.065861,
      "z": 338.9859
    }
  }
}