{
  "ID": 1,
  "Borne": {
    "x": 1966.18,
    "y": 3773.041,
    "z": 31.82038
  },
  "Spawn1": {
    "position": {
      "x": 1959.42,
      "y": 3765.015,
      "z": 31.82198
    },
    "rotation": {
      "x": 0.05875965,
      "y": -0.02494125,
      "z": 30.04715
    }
  }, 
  "Spawn2": {
    "position": {
      "x": 1953.043,
      "y": 3761.013,
      "z": 31.8263
    },
    "rotation": {
      "x": 0.07433093,
      "y":  0.01160237,
      "z": 30.34912
    }
  }
}