{
  "ID": 7,
  "Borne": {
    "x": -453.0617,
    "y": -447.6826,
    "z": 32.59676
  },
  "Spawn1": {
    "position": {
      "x": -441.8618,
      "y": -458.5227,
      "z": 32.40728
    },
    "rotation": {
      "x": -0.005568578,
      "y": -2.374181,
      "z": 350.4818
    }
  }, 
  "Spawn2": {
    "position": {
      "x": -448.5094,
      "y": -457.6751,
      "z": 32.56892
    },
    "rotation": {
      "x": -0.2052937,
      "y": -1.117709,
      "z": 350.2746
    }
  }
}