{
  "ID": 2,
  "Borne": {
    "x": 112.6272,
    "y": 6606.236,
    "z": 31.52359
  },
  "Spawn1": {
    "position": {
      "x": 122.433,
      "y": 6594.466,
      "z": 31.63613
    },
    "rotation": {
      "x":  0.3610332,
      "y": -0.9687359,
      "z": 272.2411
    }
  }, 
  "Spawn2": {
    "position": {
      "x": 126.4262,
      "y": 6589.911,
      "z": 31.57662
    },
    "rotation": {
      "x": -0.03585212,
      "y":  -0.4314475,
      "z": 271.2221
    }
  }
}