{
  "ID": 8,
  "Borne": {
    "x": -717.651,
    "y": -58.40874,
    "z": 36.89013
  },
  "Spawn1": {
    "position": {
      "x": -733.7955,
      "y": -70.83321,
      "z": 41.37055
    },
    "rotation": {
      "x": 0.07903922,
      "y": 0.1073979,
      "z": 26.14664
    }
  }, 
  "Spawn2": {
    "position": {
      "x": -743.9354,
      "y": -75.9907,
      "z": 41.2438
    },
    "rotation": {
      "x": 0.04006111,
      "y": 0.03192711,
      "z": 27.04761
    }
  }
}